<?xml version="1.0"?>
<?xml-stylesheet type="text/xsl" href="CDA.xsl"?>
<ClinicalDocument xmlns:xsi="http://www.w3.org/2001/XMLSchema-instance" xsi:schemaLocation="urn:hl7-org:v3 ../../../CDA%20R2/cda-schemas-and-samples/infrastructure/cda/CDA.xsd" xmlns="urn:hl7-org:v3" xmlns:cda="urn:hl7-org:v3" xmlns:sdtc="urn:l7-org:sdtc" xmlns:fhir="http://hl7.org/fhir/v3">
 <realmCode code="US"/>
 <typeId root="2.16.840.1.113883.1.3" extension="POCD_HD000040"/>
 <templateId root="2.16.840.1.113883.10.20.22.1.2"/>
 <id extension="Health Export CDA" root="1.1.1.1.1.1.1.1.1"/>
 <code codeSystem="2.16.840.1.113883.6.1" codeSystemName="LOINC" code="34109-9" displayName="Note"/>
 <title>Health Data Export</title>
 <effectiveTime value="20180415222928-0400"/>
 <confidentialityCode code="N" codeSystem="2.16.840.1.113883.5.25"/>
 <recordTarget>
  <patientRole>
   <id root="2.16.840.1.113883.4.6" nullFlavor="NA"/>
   <patient>
    <name use="CL">Joe Mahoney</name>
    <administrativeGenderCode code="M" codeSystem="2.16.840.1.113883.5.1" displayName="Male"/>
    <birthTime value="19840501"/>
   </patient>
  </patientRole>
 </recordTarget>
 <component>
  <section>
   <templateId root="2.16.840.1.113883.10.20.22.2.4.1"/>
   <code codeSystem="2.16.840.1.113883.6.1" codeSystemName="LOINC" code="8716-3" displayName="VITAL SIGNS"/>
   <title>Vital Signs</title>
   <text/>
   <entry typeCode="DRIV">
    <organizer classCode="CLUSTER" moodCode="EVN">
     <templateId root="2.16.840.1.113883.10.20.22.4.26"/>
     <id root="c6f88320-67ad-11db-bd13-0800200c9a66"/>
     <code code="46680005" codeSystem="2.16.840.1.113883.6.96" codeSystemName="SNOMED CT" displayName="Vital signs"/>
     <statusCode code="completed"/>
     <effectiveTime>
      <low value="20170121155300-0400"/>
      <high value="20170121155300-0400"/>
     </effectiveTime>
     <component>
      <observation classCode="OBS" moodCode="EVN">
       <templateId root="2.16.840.1.113883.10.20.22.4.27"/>
       <id root="c6f88321-67ad-11db-bd13-0800200c9a66"/>
       <code code="39156-5" codeSystem="2.16.840.1.113883.6.1" codeSystemName="LOINC" displayName="Body mass index"/>
       <text>
        <sourceName>Health</sourceName>
        <sourceVersion>10.2</sourceVersion>
        <value>22.96</value>
        <type>HKQuantityTypeIdentifierBodyMassIndex</type>
        <unit>count</unit>
        <metadataEntry>
         <key>HKWasUserEntered</key>
         <value>1</value>
        </metadataEntry>
       </text>
       <statusCode code="completed"/>
       <effectiveTime>
        <low value="20170121155300-0400"/>
        <high value="20170121155300-0400"/>
       </effectiveTime>
       <value xsi:type="PQ" value="22.96" unit="count"/>
       <interpretationCode code="N" codeSystem="2.16.840.1.113883.5.83"/>
      </observation>
     </component>
    </organizer>
   </entry>
   <entry typeCode="DRIV">
    <organizer classCode="CLUSTER" moodCode="EVN">
     <templateId root="2.16.840.1.113883.10.20.22.4.26"/>
     <id root="c6f88320-67ad-11db-bd13-0800200c9a66"/>
     <code code="46680005" codeSystem="2.16.840.1.113883.6.96" codeSystemName="SNOMED CT" displayName="Vital signs"/>
     <statusCode code="completed"/>
     <effectiveTime>
      <low value="20161214111254-0400"/>
      <high value="20161214111254-0400"/>
     </effectiveTime>
     <component>
      <observation classCode="OBS" moodCode="EVN">
       <templateId root="2.16.840.1.113883.10.20.22.4.27"/>
       <id root="c6f88321-67ad-11db-bd13-0800200c9a66"/>
       <code code="8302-2" codeSystem="2.16.840.1.113883.6.1" codeSystemName="LOINC" displayName="Height"/>
       <text>
        <sourceName>Health</sourceName>
        <sourceVersion>10.1.1</sourceVersion>
        <value>6.08333</value>
        <type>HKQuantityTypeIdentifierHeight</type>
        <unit>ft</unit>
       </text>
       <statusCode code="completed"/>
       <effectiveTime>
        <low value="20161214111254-0400"/>
        <high value="20161214111254-0400"/>
       </effectiveTime>
       <value xsi:type="PQ" value="6.08333" unit="ft"/>
       <interpretationCode code="N" codeSystem="2.16.840.1.113883.5.83"/>
      </observation>
     </component>
    </organizer>
   </entry>
   <entry typeCode="DRIV">
    <organizer classCode="CLUSTER" moodCode="EVN">
     <templateId root="2.16.840.1.113883.10.20.22.4.26"/>
     <id root="c6f88320-67ad-11db-bd13-0800200c9a66"/>
     <code code="46680005" codeSystem="2.16.840.1.113883.6.96" codeSystemName="SNOMED CT" displayName="Vital signs"/>
     <statusCode code="completed"/>
     <effectiveTime>
      <low value="20161214111254-0400"/>
      <high value="20170121155300-0400"/>
     </effectiveTime>
     <component>
      <observation classCode="OBS" moodCode="EVN">
       <templateId root="2.16.840.1.113883.10.20.22.4.27"/>
       <id root="c6f88321-67ad-11db-bd13-0800200c9a66"/>
       <code code="3141-9" codeSystem="2.16.840.1.113883.6.1" codeSystemName="LOINC" displayName="Body weight Measured"/>
       <text>
        <sourceName>Health</sourceName>
        <sourceVersion>10.1.1</sourceVersion>
        <value>172</value>
        <type>HKQuantityTypeIdentifierBodyMass</type>
        <unit>lb</unit>
       </text>
       <statusCode code="completed"/>
       <effectiveTime>
        <low value="20161214111254-0400"/>
        <high value="20161214111254-0400"/>
       </effectiveTime>
       <value xsi:type="PQ" value="172" unit="lb"/>
       <interpretationCode code="N" codeSystem="2.16.840.1.113883.5.83"/>
      </observation>
     </component>
     <component>
      <observation classCode="OBS" moodCode="EVN">
       <templateId root="2.16.840.1.113883.10.20.22.4.27"/>
       <id root="c6f88321-67ad-11db-bd13-0800200c9a66"/>
       <code code="3141-9" codeSystem="2.16.840.1.113883.6.1" codeSystemName="LOINC" displayName="Body weight Measured"/>
       <text>
        <sourceName>Health</sourceName>
        <sourceVersion>10.2</sourceVersion>
        <value>174</value>
        <type>HKQuantityTypeIdentifierBodyMass</type>
        <unit>lb</unit>
        <metadataEntry>
         <key>HKWasUserEntered</key>
         <value>1</value>
        </metadataEntry>
       </text>
       <statusCode code="completed"/>
       <effectiveTime>
        <low value="20170121155300-0400"/>
        <high value="20170121155300-0400"/>
       </effectiveTime>
       <value xsi:type="PQ" value="174" unit="lb"/>
       <interpretationCode code="N" codeSystem="2.16.840.1.113883.5.83"/>
      </observation>
     </component>
    </organizer>
   </entry>
  </section>
 </component>
</ClinicalDocument>
